﻿<?xml version="1.0" encoding="utf-8"?>
<!DOCTYPE install SYSTEM "http://dev.joomla.org/xml/1.5/ 
                                              module-install.dtd">
<install type="module" version="1.5.0" client="site">
   <name>Nha cung cap sim</name>                                    
   <creationDate>March 2009</creationDate>
   <author>giangtd</author>
   <authorEmail>giangtd@vinagame.com.vn</authorEmail>
   <authorUrl>giangtd</authorUrl>
   <copyright>Copyright Notice</copyright>
   <license>Component License Agreement</license>
   <version>0.1</version>
   <description>Manager sim of provider</description>      
   <files>
        <filename module="mod_SimProvider">mod_SimProvider.php</filename>
		<filename>helper.php</filename>
		<filename>index.html</filename>
		<filename>tmpl/default.php</filename>
		<filename>tmpl/_review.php</filename>
		<filename>tmpl/index.html</filename>
   </files>
   <params>
   <param name="provider" type="text" label="provider name"description="provider name" />
   </params>
 </install>
